outlets,bias
oyez.org,Least
en.wikipedia.org,Least
cnn.com,Left
supremecourt.gov,None
foxnews.com,Right
apnews.com,Least
nytimes.com,Left Centre
whitehouse.gov,Right
nature.com,None
ballotpedia.org,Least
politico.com,Left Center
theatlantic.com,Left Center
bbc.com,Left Center
scotusblog.com,Least
usatoday.com,Left Center
joebiden.com,Left
factcheck.org,Least
wsj.com,Right Center
latimes.com,Left Center
wusa9.com,Least
harpersbazaar.com,None
thehill.com,Least
washingtonpost.com,Left Center
dailymail.co.uk,Right
motherjones.com,Left Center
huffpost.com,Left
c-span.org,Least
laparks.org,None
parks.lacounty.gov,None
211la.org,None
laconservancy.org,None
newyorker.com,Left
morningconsult.com,Least
afj.org,Left
texastribune.org,Left Center
thenation.com,Left
youtube.com,None
nbcnews.com,Left Center
obamawhitehouse.archives.gov,None
npr.org,Left Center
courthousenews.com,Left
arkansasonline.com,Right Center
nypost.com,Right Center
newsbreak.com,Extreme Right
thedailybeast.com,Left
economist.com,Least
axios.com,Left Center
abcnews.go.com,Left Center
time.com,Left Center
theguardian.com,Left Center
upi.com,Least
the-sun.com,Right
boston.com,Left Center
reuters.com,Least
deadline.com,Left Center
ft.com,Least
aljazeera.com,Left Center
forbes.com,Right center
financial-planning.com,None
wealthmanagement.com,None
bloomberg.com,Left Center
davisvanguard.org,None
cnbc.com,Left Center 
lawandcrime.com,Left Center
facebook.com,Left Center
m.facebook.com,Left Center
tasteofcountry.com,None
vanhalenstore.com,None
theboot.com,None
1027coyotecountry.com,None
vhboots.com,None
pinterest.com,None
target.com,None
equipboard.com,None
961kstr.com,None
citywireusa.com,None
wcfcourier.com,None
benefitnews.com,Least
pionline.com,None
twitter.com,None
the360mag.com,None
independent.co.uk,Left Center
brookings.edu,Left Center
britannica.com,None
rollingstone.com,Left
nymag.com,Left
theverge.com,Left Center
newwaysministry.org,None
losangelesblade.com,None
gsbh.org,None
worldimpact.org,None
dignitylosangeles.org,None
marketwatch.com,Right Center
pbs.org,Left Center
catholicnewsagency.com,None
vatican.va,None
biography.com,None
americamagazine.org,Left Center
chicagotribune.com,Right center
kxan.com,None
deseret.com,Right Center
vanityfair.com,Left
cbsnews.com,Left Center
usnews.com,Left Center
bbc.co.uk,Left Center
nydailynews.com,Left Center
mercurynews.com,Left Center
news.yahoo.com,Left Center
weather.gov,None
forecast.weather.gov,None
nws.noaa.gov,None
losangeles.cbslocal.com,Left Center
ktla.com,Least
ksdk.com,None
dispatch.com,None
madison.com,None
wbur.org,None
judiciary.senate.gov,None
vhnd.com,None
imdb.com,None
pgim.com,None
old.la-archdiocese.org,None
fortune.com,Right Center
fivethirtyeight.com,Left center
law.nd.edu,None
justthenews.com,Right
hsgac.senate.gov,None