Ruth Bader Ginsburg supreme court,,2020-09-26 14:25:17.279,neutral,None,e0
Donald Trump supreme court,,2020-09-30 16:17:40.249110,neutral,None,e0
Donald Trump supreme court,,2020-09-30 16:53:41.321411,neutral,None,e1
Donald Trump supreme court,,2020-09-30 17:21:53.468525,neutral,None,e2
Donald Trump supreme court,,2020-09-30 17:53:35.692530,neutral,None,e3
Donald Trump supreme court,,2020-09-30 18:26:32.273520,neutral,None,e4
Donald Trump supreme court,,2020-09-30 19:51:41.661128,neutral,None,e1
Donald Trump supreme court,,2020-09-30 20:18:57.324915,neutral,None,e2
Donald Trump supreme court,,2020-09-30 20:53:19.774528,neutral,None,e3
Donald Trump supreme court,,2020-09-30 21:23:42.291676,neutral,None,e4
Donald Trump supreme court,,2020-09-30 21:52:21.396063,neutral,None,e5
Joe Biden supreme court,,2020-09-30 22:55:42.940974,neutral,None,e0
Joe Biden supreme court,,2020-09-30 23:23:17.608408,neutral,None,e1
Joe Biden supreme court,,2020-10-01 00:00:32.515237,neutral,None,e2
Joe Biden supreme court,,2020-10-01 00:37:27.507949,neutral,None,e3
Joe Biden supreme court,,2020-10-01 01:08:33.768618,neutral,None,e4
Joe Biden supreme court,,2020-10-01 01:43:38.994793,neutral,None,e5
Chris Wallace supreme court,,2020-10-01 02:43:12.173290,neutral,None,e0
Chris Wallace supreme court,,2020-10-01 03:07:33.896691,neutral,None,e1
Chris Wallace supreme court,,2020-10-01 03:43:04.796644,neutral,None,e2
Chris Wallace supreme court,,2020-10-01 04:17:02.556711,neutral,None,e3
Chris Wallace supreme court,,2020-10-01 04:49:10.659366,neutral,None,e4
Chris Wallace supreme court,,2020-10-01 05:15:41.007575,neutral,None,e5
Los Angeles recreation commission,,2020-10-01 06:32:13.107200,neutral,None,e0
Los Angeles recreation commission,,2020-10-01 07:06:07.279611,neutral,None,e1
Los Angeles recreation commission,,2020-10-01 07:37:23.960763,neutral,None,e2
Los Angeles recreation commission,,2020-10-01 08:03:25.892159,neutral,None,e3
Los Angeles recreation commission,,2020-10-01 08:30:23.172741,neutral,None,e4
Los Angeles recreation commission,,2020-10-01 08:58:42.447485,neutral,None,e5
Los Angeles recreation commission,,2020-10-08 00:14:03.761911,neutral,None,e0
Los Angeles recreation commission,,2020-10-08 00:55:52.675871,neutral,None,e1
Los Angeles recreation commission,,2020-10-08 01:27:23.258277,neutral,None,e2
Los Angeles recreation commission,,2020-10-08 01:56:15.031395,neutral,None,e3
Los Angeles recreation commission,,2020-10-08 02:24:37.877307,neutral,None,e4
Los Angeles recreation commission,,2020-10-08 03:08:53.424900,neutral,None,e5
Amy Coney Barrett supreme court,,2020-10-08 04:18:42.511769,neutral,None,e0
Amy Coney Barrett supreme court,,2020-10-08 04:43:40.522904,neutral,None,e1
Amy Coney Barrett supreme court,,2020-10-08 05:21:26.111871,neutral,None,e2
Amy Coney Barrett supreme court,,2020-10-08 05:53:44.959669,neutral,None,e3
Amy Coney Barrett supreme court,,2020-10-08 06:26:37.917491,neutral,None,e4
Amy Coney Barrett supreme court,,2020-10-08 07:02:07.090884,neutral,None,e5
Hillary Clinton supreme court,,2020-10-08 14:26:28.464087,neutral,None,e5
Barack Obama supreme court,,2020-10-08 15:40:06.498544,neutral,None,e0
Barack Obama supreme court,,2020-10-08 16:09:32.919961,neutral,None,e1
Barack Obama supreme court,,2020-10-08 16:47:16.737135,neutral,None,e2
Barack Obama supreme court,,2020-10-08 17:14:01.747358,neutral,None,e3
Barack Obama supreme court,,2020-10-08 17:39:05.037390,neutral,None,e4
Barack Obama supreme court,,2020-10-08 18:09:32.953956,neutral,None,e5
Hunter Biden supreme court,,2020-10-08 19:29:50.600323,neutral,None,e0
Hunter Biden supreme court,,2020-10-08 20:08:12.994864,neutral,None,e1
Hunter Biden supreme court,,2020-10-08 20:43:04.058880,neutral,None,e2
Hunter Biden supreme court,,2020-10-08 21:14:59.979167,neutral,None,e3
Hunter Biden supreme court,,2020-10-08 21:47:05.567593,neutral,None,e4
Hunter Biden supreme court,,2020-10-08 22:19:19.189651,neutral,None,e5
Donald Trump supreme court,,2020-10-10 22:42:11.687296,neutral,None,e0
Donald Trump supreme court,,2020-10-10 23:11:03.068419,neutral,None,e1
Donald Trump supreme court,,2020-10-10 23:37:40.313419,neutral,None,e2
Donald Trump supreme court,,2020-10-11 00:04:56.444963,neutral,None,e3
Donald Trump supreme court,,2020-10-11 00:39:05.131122,neutral,None,e4
Donald Trump supreme court,,2020-10-11 01:12:18.647811,neutral,None,e5
Joe Biden supreme court,,2020-10-11 02:30:06.129409,neutral,None,e0
Joe Biden supreme court,,2020-10-11 02:57:02.409101,neutral,None,e1
Joe Biden supreme court,,2020-10-11 03:29:56.132961,neutral,None,e2
Joe Biden supreme court,,2020-10-11 04:07:46.534357,neutral,None,e3
Joe Biden supreme court,,2020-10-11 04:39:28.117895,neutral,None,e4
Joe Biden supreme court,,2020-10-11 05:15:42.915215,neutral,None,e5
Amy Coney Barrett supreme court,,2020-10-11 06:23:05.415889,neutral,None,e0
Amy Coney Barrett supreme court,,2020-10-11 06:56:53.569626,neutral,None,e1
Amy Coney Barrett supreme court,,2020-10-11 07:24:44.278547,neutral,None,e2
Amy Coney Barrett supreme court,,2020-10-11 07:53:21.357174,neutral,None,e3
Amy Coney Barrett supreme court,,2020-10-11 08:19:26.130672,neutral,None,e4
Amy Coney Barrett supreme court,,2020-10-11 09:08:01.409396,neutral,None,e5
Donald Trump supreme court,,2020-10-11 17:56:32.146269,neutral,None,e0
Donald Trump supreme court,,2020-10-11 18:29:40.601549,neutral,None,e1
Donald Trump supreme court,,2020-10-11 18:58:56.204693,neutral,None,e2
Donald Trump supreme court,,2020-10-11 19:37:08.395148,neutral,None,e3
Donald Trump supreme court,,2020-10-11 20:13:37.036502,neutral,None,e4
Donald Trump supreme court,,2020-10-11 20:56:33.340884,neutral,None,e5
Joe Biden supreme court,,2020-10-11 22:06:48.523255,neutral,None,e0
Joe Biden supreme court,,2020-10-11 22:33:19.808487,neutral,None,e1
Joe Biden supreme court,,2020-10-11 23:17:13.054806,neutral,None,e2
Joe Biden supreme court,,2020-10-11 23:48:02.365298,neutral,None,e3
Joe Biden supreme court,,2020-10-12 00:26:26.878616,neutral,None,e4
Joe Biden supreme court,,2020-10-12 00:58:52.136252,neutral,None,e5
Amy Coney Barrett supreme court,,2020-10-12 02:09:36.669104,neutral,None,e0
Amy Coney Barrett supreme court,,2020-10-12 02:36:10.306875,neutral,None,e1
Amy Coney Barrett supreme court,,2020-10-12 03:15:32.829201,neutral,None,e2
Amy Coney Barrett supreme court,,2020-10-12 03:52:43.680449,neutral,None,e3
Amy Coney Barrett supreme court,,2020-10-12 04:30:57.528696,neutral,None,e4
Amy Coney Barrett supreme court,,2020-10-12 05:05:38.523995,neutral,None,e5
Sean Conley supreme court,,2020-10-12 06:10:37.375135,neutral,None,e0
Sean Conley supreme court,,2020-10-12 06:37:16.703737,neutral,None,e1
Sean Conley supreme court,,2020-10-12 07:05:24.629480,neutral,None,e2
Sean Conley supreme court,,2020-10-12 07:59:09.315751,neutral,None,e3
Sean Conley supreme court,,2020-10-12 08:31:41.246738,neutral,None,e4
Sean Conley supreme court,,2020-10-12 09:09:44.644549,neutral,None,e5
Donald Trump supreme court,,2020-10-14 23:20:12.660091,neutral,None,e0
Donald Trump supreme court,,2020-10-14 23:34:08.314295,neutral,None,e1
Donald Trump supreme court,,2020-10-14 23:52:52.549510,neutral,None,e2
Donald Trump supreme court,,2020-10-15 00:07:43.811318,neutral,None,e3
Donald Trump supreme court,,2020-10-15 00:22:42.457643,neutral,None,e4
Donald Trump supreme court,,2020-10-15 00:37:04.240897,neutral,None,e5
Joe Biden supreme court,,2020-10-15 01:17:24.478446,neutral,None,e0
Joe Biden supreme court,,2020-10-15 01:30:28.241596,neutral,None,e1
Joe Biden supreme court,,2020-10-15 01:50:41.677594,neutral,None,e2
Joe Biden supreme court,,2020-10-15 02:04:17.017812,neutral,None,e3
Joe Biden supreme court,,2020-10-15 02:23:27.597741,neutral,None,e4
Joe Biden supreme court,,2020-10-15 02:37:29.269680,neutral,None,e5
Amy Coney Barrett supreme court,,2020-10-15 03:18:25.835547,neutral,None,e0
Amy Coney Barrett supreme court,,2020-10-15 03:39:53.843726,neutral,None,e1
Amy Coney Barrett supreme court,,2020-10-15 03:57:58.121812,neutral,None,e2
Amy Coney Barrett supreme court,,2020-10-15 04:14:22.147163,neutral,None,e3
Amy Coney Barrett supreme court,,2020-10-15 04:34:51.439845,neutral,None,e4
Amy Coney Barrett supreme court,,2020-10-15 04:53:30.695333,neutral,None,e5
Donald Trump supreme court,,2020-10-15 14:14:12.408006,neutral,None,e0
Donald Trump supreme court,,2020-10-15 14:32:52.515655,neutral,None,e1
Donald Trump supreme court,,2020-10-15 14:52:07.687825,neutral,None,e2
Donald Trump supreme court,,2020-10-15 15:08:57.797375,neutral,None,e3
Donald Trump supreme court,,2020-10-15 15:46:19.860371,neutral,None,e4
Donald Trump supreme court,,2020-10-15 16:01:30.537565,neutral,None,e5
Joe Biden supreme court,,2020-10-15 16:35:22.865605,neutral,None,e0
Joe Biden supreme court,,2020-10-15 16:50:00.497168,neutral,None,e1
Joe Biden supreme court,,2020-10-15 17:04:41.255576,neutral,None,e2
Joe Biden supreme court,,2020-10-15 17:23:43.867267,neutral,None,e3
Joe Biden supreme court,,2020-10-15 17:42:42.480606,neutral,None,e4
Joe Biden supreme court,,2020-10-15 18:00:49.265787,neutral,None,e5
Amy Coney Barrett supreme court,,2020-10-15 18:40:28.891806,neutral,None,e0
Amy Coney Barrett supreme court,,2020-10-15 18:55:27.194792,neutral,None,e1
Amy Coney Barrett supreme court,,2020-10-15 19:11:10.321840,neutral,None,e2
Amy Coney Barrett supreme court,,2020-10-15 19:30:14.175175,neutral,None,e3
Amy Coney Barrett supreme court,,2020-10-15 19:44:57.381664,neutral,None,e4
Amy Coney Barrett supreme court,,2020-10-15 20:01:27.698673,neutral,None,e5
Amy Cooper franklin templeton,,2020-10-15 20:41:06.413617,neutral,None,e0
Amy Cooper franklin templeton,,2020-10-15 21:00:20.093723,neutral,None,e1
Amy Cooper franklin templeton,,2020-10-15 21:45:29.204991,neutral,None,e2
Amy Cooper franklin templeton,,2020-10-15 22:05:37.183426,neutral,None,e3
Amy Cooper franklin templeton,,2020-10-15 22:23:40.968406,neutral,None,e4
Amy Cooper franklin templeton,,2020-10-15 22:37:04.140797,neutral,None,e5
Christian Cooper franklin templeton,,2020-10-15 23:09:16.146015,neutral,None,e0
Christian Cooper franklin templeton,,2020-10-15 23:26:47.547572,neutral,None,e1
Christian Cooper franklin templeton,,2020-10-15 23:43:30.153747,neutral,None,e2
Christian Cooper franklin templeton,,2020-10-15 23:59:23.850378,neutral,None,e3
Christian Cooper franklin templeton,,2020-10-16 00:15:31.316406,neutral,None,e4
Christian Cooper franklin templeton,,2020-10-16 00:33:23.937467,neutral,None,e5
Los Angeles facebook,,2020-10-16 01:03:26.175870,neutral,None,e0
Los Angeles facebook,,2020-10-16 01:16:47.783041,neutral,None,e1
Los Angeles facebook,,2020-10-16 01:32:13.543345,neutral,None,e2
Los Angeles facebook,,2020-10-16 01:52:19.479926,neutral,None,e3
Los Angeles facebook,,2020-10-16 02:10:54.624294,neutral,None,e4
Los Angeles facebook,,2020-10-16 02:26:29.975314,neutral,None,e5
Van Halen junior,,2020-10-16 02:58:13.468677,neutral,None,e0
Van Halen junior,,2020-10-16 03:18:21.503608,neutral,None,e1
Van Halen junior,,2020-10-16 03:35:28.676486,neutral,None,e2
Van Halen junior,,2020-10-16 03:52:19.053360,neutral,None,e3
Van Halen junior,,2020-10-16 04:13:02.281030,neutral,None,e4
Van Halen junior,,2020-10-16 04:33:36.173612,neutral,None,e5
George Floyd franklin templeton,,2020-10-16 05:11:49.652569,neutral,None,e0
George Floyd franklin templeton,,2020-10-16 05:32:19.330738,neutral,None,e1
George Floyd franklin templeton,,2020-10-16 05:51:49.012783,neutral,None,e2
George Floyd franklin templeton,,2020-10-16 06:09:31.272509,neutral,None,e3
George Floyd franklin templeton,,2020-10-16 06:22:35.103937,neutral,None,e4
George Floyd franklin templeton,,2020-10-16 06:38:25.241541,neutral,None,e5
Donald Trump supreme court,,2020-10-21 22:48:22.930295,neutral,None,e0
Donald Trump supreme court,,2020-10-21 23:06:22.250591,neutral,None,e1
Donald Trump supreme court,,2020-10-21 23:20:47.898825,neutral,None,e2
Donald Trump supreme court,,2020-10-21 23:39:14.402211,neutral,None,e3
Donald Trump supreme court,,2020-10-21 23:55:01.874681,neutral,None,e4
Donald Trump supreme court,,2020-10-22 00:09:26.077139,neutral,None,e5
Joe Biden supreme court,,2020-10-22 00:47:21.416358,neutral,None,e0
Joe Biden supreme court,,2020-10-22 01:00:13.534795,neutral,None,e1
Joe Biden supreme court,,2020-10-22 01:19:42.694846,neutral,None,e2
Joe Biden supreme court,,2020-10-22 01:42:21.893723,neutral,None,e3
Joe Biden supreme court,,2020-10-22 01:56:05.232651,neutral,None,e4
Joe Biden supreme court,,2020-10-22 02:14:44.376537,neutral,None,e5
Donald Trump supreme court,,2020-10-22 16:50:14.786476,neutral,None,e0
Donald Trump supreme court,,2020-10-22 17:07:06.664501,neutral,None,e1
Donald Trump supreme court,,2020-10-22 17:20:00.997528,neutral,None,e2
Donald Trump supreme court,,2020-10-22 17:34:36.337266,neutral,None,e3
Donald Trump supreme court,,2020-10-22 18:21:51.864638,neutral,None,e4
Donald Trump supreme court,,2020-10-22 18:37:42.173006,neutral,None,e5
Joe Biden supreme court,,2020-10-22 19:16:55.518590,neutral,None,e0
Joe Biden supreme court,,2020-10-22 19:36:18.425522,neutral,None,e1
Joe Biden supreme court,,2020-10-22 19:54:05.181033,neutral,None,e2
Joe Biden supreme court,,2020-10-22 20:12:35.692807,neutral,None,e3
Joe Biden supreme court,,2020-10-22 20:32:27.972866,neutral,None,e4
Joe Biden supreme court,,2020-10-22 20:54:21.190224,neutral,None,e5
Hunter Biden new york post,,2020-10-22 21:36:13.736554,neutral,None,e0
Hunter Biden new york post,,2020-10-22 21:50:37.389056,neutral,None,e1
Hunter Biden new york post,,2020-10-22 22:09:15.796713,neutral,None,e2
Hunter Biden new york post,,2020-10-22 22:24:17.595747,neutral,None,e3
Hunter Biden new york post,,2020-10-22 22:39:43.804442,neutral,None,e4
Hunter Biden new york post,,2020-10-22 22:53:20.561407,neutral,None,e5
Los Angeles ways ministry,,2020-10-22 23:31:39.407492,neutral,None,e0
Los Angeles ways ministry,,2020-10-22 23:51:20.887046,neutral,None,e1
Los Angeles ways ministry,,2020-10-23 00:05:17.217826,neutral,None,e2
Los Angeles ways ministry,,2020-10-23 00:22:59.685480,neutral,None,e3
Los Angeles ways ministry,,2020-10-23 00:43:06.999798,neutral,None,e4
Los Angeles ways ministry,,2020-10-23 00:57:17.848570,neutral,None,e5
Barack Obama supreme court,,2020-10-23 01:32:22.023305,neutral,None,e0
Barack Obama supreme court,,2020-10-23 01:47:14.985941,neutral,None,e1
Barack Obama supreme court,,2020-10-23 02:24:31.688330,neutral,None,e2
Barack Obama supreme court,,2020-10-23 02:44:52.916916,neutral,None,e3
Barack Obama supreme court,,2020-10-23 03:01:28.871376,neutral,None,e4
Barack Obama supreme court,,2020-10-23 03:16:00.885117,neutral,None,e5
Pope Francis catholic church,,2020-10-23 03:54:08.141822,neutral,None,e0
Pope Francis catholic church,,2020-10-23 04:09:58.294788,neutral,None,e1
Pope Francis catholic church,,2020-10-23 04:31:07.755151,neutral,None,e2
Pope Francis catholic church,,2020-10-23 04:51:21.756947,neutral,None,e3
Pope Francis catholic church,,2020-10-23 05:06:13.824938,neutral,None,e4
Pope Francis catholic church,,2020-10-23 05:20:45.148794,neutral,None,e5
Joe Biden supreme court,,2020-10-23 14:15:15.432715,neutral,None,e0
Joe Biden supreme court,,2020-10-23 14:35:23.150689,neutral,None,e1
Joe Biden supreme court,,2020-10-23 14:53:50.184097,neutral,None,e2
Joe Biden supreme court,,2020-10-23 15:12:27.288006,neutral,None,e3
Joe Biden supreme court,,2020-10-23 15:26:14.016224,neutral,None,e4
Joe Biden supreme court,,2020-10-23 15:40:28.934245,neutral,None,e5
Donald Trump supreme court,,2020-10-23 16:12:15.315673,neutral,None,e0
Donald Trump supreme court,,2020-10-23 16:30:06.123045,neutral,None,e1
Donald Trump supreme court,,2020-10-23 16:49:56.003903,neutral,None,e2
Donald Trump supreme court,,2020-10-23 17:08:56.397791,neutral,None,e3
Donald Trump supreme court,,2020-10-23 17:25:44.299292,neutral,None,e4
Donald Trump supreme court,,2020-10-23 17:43:36.546456,neutral,None,e5
Hunter Biden new york post,,2020-10-23 18:15:04.816878,neutral,None,e0
Hunter Biden new york post,,2020-10-23 18:28:57.250302,neutral,None,e1
Hunter Biden new york post,,2020-10-23 18:47:08.383624,neutral,None,e2
Hunter Biden new york post,,2020-10-23 19:04:53.474823,neutral,None,e3
Hunter Biden new york post,,2020-10-23 19:22:26.541987,neutral,None,e4
Hunter Biden new york post,,2020-10-23 19:37:31.571342,neutral,None,e5
Barack Obama supreme court,,2020-10-23 20:16:28.155632,neutral,None,e0
Barack Obama supreme court,,2020-10-23 20:31:40.122409,neutral,None,e1
Barack Obama supreme court,,2020-10-23 20:45:46.579265,neutral,None,e2
Barack Obama supreme court,,2020-10-23 21:04:56.001122,neutral,None,e3
Barack Obama supreme court,,2020-10-23 21:18:38.211833,neutral,None,e4
Barack Obama supreme court,,2020-10-23 21:37:28.381435,neutral,None,e5
Amy Coney Barrett supreme court,,2020-10-23 22:09:38.832066,neutral,None,e0
Amy Coney Barrett supreme court,,2020-10-23 22:30:04.041966,neutral,None,e1
Amy Coney Barrett supreme court,,2020-10-23 22:43:53.163779,neutral,None,e2
Amy Coney Barrett supreme court,,2020-10-23 23:02:04.304355,neutral,None,e3
Amy Coney Barrett supreme court,,2020-10-23 23:18:21.270875,neutral,None,e4
Amy Coney Barrett supreme court,,2020-10-23 23:36:48.787008,neutral,None,e5
Joe Biden supreme court,,2020-10-24 23:58:53.386814,neutral,None,e0
Joe Biden supreme court,,2020-10-25 00:19:38.291418,neutral,None,e1
Joe Biden supreme court,,2020-10-25 00:37:14.434908,neutral,None,e2
Joe Biden supreme court,,2020-10-25 00:55:57.682436,neutral,None,e3
Joe Biden supreme court,,2020-10-25 01:11:33.874805,neutral,None,e4
Joe Biden supreme court,,2020-10-25 01:30:34.445898,neutral,None,e5
Donald Trump supreme court,,2020-10-25 02:03:40.103496,neutral,None,e0
Donald Trump supreme court,,2020-10-25 02:22:16.343079,neutral,None,e1
Donald Trump supreme court,,2020-10-25 02:35:58.405412,neutral,None,e2
Donald Trump supreme court,,2020-10-25 02:52:41.466203,neutral,None,e3
Donald Trump supreme court,,2020-10-25 02:05:34.860353,neutral,None,e4
Donald Trump supreme court,,2020-10-25 02:26:44.122629,neutral,None,e5
Hunter Biden new york times,,2020-10-25 03:03:04.412837,neutral,None,e0
Hunter Biden new york times,,2020-10-25 03:21:29.512453,neutral,None,e1
Hunter Biden new york times,,2020-10-25 03:40:36.376591,neutral,None,e2
Hunter Biden new york times,,2020-10-25 03:54:28.794,neutral,None,e3
Hunter Biden new york times,,2020-10-25 04:14:53.648620,neutral,None,e4
Hunter Biden new york times,,2020-10-25 04:31:09.312157,neutral,None,e5
Donald Trump supreme court,,2020-10-25 13:06:11.066194,neutral,None,e0
Donald Trump supreme court,,2020-10-25 13:22:42.162888,neutral,None,e1
Donald Trump supreme court,,2020-10-25 13:43:16.503579,neutral,None,e2
Donald Trump supreme court,,2020-10-25 13:56:20.733589,neutral,None,e3
Donald Trump supreme court,,2020-10-25 14:12:50.029178,neutral,None,e4
Donald Trump supreme court,,2020-10-25 14:31:43.774450,neutral,None,e5
Joe Biden supreme court,,2020-10-25 15:09:16.970984,neutral,None,e0
Joe Biden supreme court,,2020-10-25 15:25:05.529776,neutral,None,e1
Joe Biden supreme court,,2020-10-25 15:43:43.698589,neutral,None,e2
Joe Biden supreme court,,2020-10-25 16:05:06.096880,neutral,None,e3
Joe Biden supreme court,,2020-10-25 16:19:42.805979,neutral,None,e4
Joe Biden supreme court,,2020-10-25 16:33:25.655237,neutral,None,e5
Hunter Biden new york times,,2020-10-25 17:07:44.089480,neutral,None,e0
Hunter Biden new york times,,2020-10-25 17:27:37.031661,neutral,None,e1
Hunter Biden new york times,,2020-10-25 17:51:06.707923,neutral,None,e2
Hunter Biden new york times,,2020-10-25 18:11:34.145375,neutral,None,e3
Hunter Biden new york times,,2020-10-25 18:30:18.221994,neutral,None,e4
Hunter Biden new york times,,2020-10-25 18:47:34.119398,neutral,None,e5
Donald Trump supreme court,,2020-10-26 18:03:35.487456,neutral,None,e0
Donald Trump supreme court,,2020-10-26 18:20:06.644805,neutral,None,e1
Donald Trump supreme court,,2020-10-26 18:37:32.960177,neutral,None,e2
Donald Trump supreme court,,2020-10-26 18:54:56.356610,neutral,None,e3
Donald Trump supreme court,,2020-10-26 19:09:36.688876,neutral,None,e4
Donald Trump supreme court,,2020-10-26 19:23:41.699107,neutral,None,e5
Joe Biden supreme court,,2020-10-26 19:54:39.010316,neutral,None,e0
Joe Biden supreme court,,2020-10-26 20:12:48.335272,neutral,None,e1
Joe Biden supreme court,,2020-10-26 20:28:48.728632,neutral,None,e2
Joe Biden supreme court,,2020-10-26 20:47:53.490375,neutral,None,e3
Joe Biden supreme court,,2020-10-26 21:02:37.408321,neutral,None,e4
Joe Biden supreme court,,2020-10-26 21:15:50.390485,neutral,None,e5
Mike Pence supreme court,,2020-10-26 21:44:22.861383,neutral,None,e0
Mike Pence supreme court,,2020-10-26 22:04:07.269179,neutral,None,e1
Mike Pence supreme court,,2020-10-26 22:19:13.105332,neutral,None,e2
Mike Pence supreme court,,2020-10-26 22:38:51.225488,neutral,None,e3
Mike Pence supreme court,,2020-10-26 22:53:56.900566,neutral,None,e4
Mike Pence supreme court,,2020-10-26 23:10:11.577120,neutral,None,e5
Amy Coney Barrett supreme court,,2020-10-26 23:45:13.825352,neutral,None,e0
Amy Coney Barrett supreme court,,2020-10-26 23:58:35.004467,neutral,None,e1
Amy Coney Barrett supreme court,,2020-10-27 00:15:31.658988,neutral,None,e2
Amy Coney Barrett supreme court,,2020-10-27 00:31:40.630712,neutral,None,e3
Amy Coney Barrett supreme court,,2020-10-27 00:47:14.358702,neutral,None,e4
Amy Coney Barrett supreme court,,2020-10-27 01:00:12.546855,neutral,None,e5
Barack Obama supreme court,,2020-10-27 01:39:20.028959,neutral,None,e0
Barack Obama supreme court,,2020-10-27 01:59:52.910884,neutral,None,e1
Barack Obama supreme court,,2020-10-27 02:16:45.600341,neutral,None,e2
Barack Obama supreme court,,2020-10-27 02:30:17.409705,neutral,None,e3
Barack Obama supreme court,,2020-10-27 02:46:30.778351,neutral,None,e4
Barack Obama supreme court,,2020-10-27 03:05:11.263317,neutral,None,e5
Donald Trump supreme court,,2020-10-27 13:56:29.966921,neutral,None,e0
Donald Trump supreme court,,2020-10-27 14:11:56.869811,neutral,None,e1
Donald Trump supreme court,,2020-10-27 14:33:03.884881,neutral,None,e2
Donald Trump supreme court,,2020-10-27 15:07:07.003581,neutral,None,e3
Donald Trump supreme court,,2020-10-27 15:27:15.745736,neutral,None,e4
Donald Trump supreme court,,2020-10-27 15:43:05.456128,neutral,None,e5
Joe Biden supreme court,,2020-10-27 16:21:23.254267,neutral,None,e0
Joe Biden supreme court,,2020-10-27 16:37:26.068371,neutral,None,e1
Joe Biden supreme court,,2020-10-27 16:53:22.097089,neutral,None,e2
Joe Biden supreme court,,2020-10-27 17:12:52.622001,neutral,None,e3
Joe Biden supreme court,,2020-10-27 17:32:38.391792,neutral,None,e4
Joe Biden supreme court,,2020-10-27 17:47:40.268698,neutral,None,e5
Amy Coney Barrett supreme court,,2020-10-27 18:19:03.305311,neutral,None,e0
Amy Coney Barrett supreme court,,2020-10-27 18:33:36.438549,neutral,None,e1
Amy Coney Barrett supreme court,,2020-10-27 18:49:04.285174,neutral,None,e2
Amy Coney Barrett supreme court,,2020-10-27 19:03:17.151081,neutral,None,e3
Amy Coney Barrett supreme court,,2020-10-27 19:21:32.698868,neutral,None,e4
Amy Coney Barrett supreme court,,2020-10-27 19:39:16.645567,neutral,None,e5
Los Angeles national weather service,,2020-10-27 20:13:51.813274,neutral,None,e0
Los Angeles national weather service,,2020-10-27 20:30:00.617322,neutral,None,e1
Los Angeles national weather service,,2020-10-27 20:48:31.097040,neutral,None,e2
Los Angeles national weather service,,2020-10-27 21:04:18.202537,neutral,None,e3
Los Angeles national weather service,,2020-10-27 21:18:28.546661,neutral,None,e4
Los Angeles national weather service,,2020-10-27 21:32:34.262573,neutral,None,e5
Mike Pence supreme court,,2020-10-27 22:28:14.093931,neutral,None,e0
Mike Pence supreme court,,2020-10-27 22:48:05.198906,neutral,None,e1
Mike Pence supreme court,,2020-10-27 23:01:16.744396,neutral,None,e2
Mike Pence supreme court,,2020-10-27 23:16:47.395843,neutral,None,e3
Mike Pence supreme court,,2020-10-27 23:37:06.719177,neutral,None,e4
Mike Pence supreme court,,2020-10-27 23:50:41.606541,neutral,None,e5
