Ruth Bader Ginsburg supreme court,,2020-09-26 13:18:34.786767,neutral,None,f0
Donald Trump supreme court,,2020-09-30 16:36:19.859580,neutral,None,f0
Donald Trump supreme court,,2020-09-30 17:12:15.439732,neutral,None,f1
Donald Trump supreme court,,2020-09-30 17:37:14.330801,neutral,None,f2
Donald Trump supreme court,,2020-09-30 18:07:55.271137,neutral,None,f3
Donald Trump supreme court,,2020-09-30 18:34:01.915672,neutral,None,f4
Donald Trump supreme court,,2020-09-30 19:50:10.983364,neutral,None,f1
Donald Trump supreme court,,2020-09-30 20:19:41.341287,neutral,None,f2
Donald Trump supreme court,,2020-09-30 20:56:22.145132,neutral,None,f3
Donald Trump supreme court,,2020-09-30 21:32:18.517449,neutral,None,f4
Donald Trump supreme court,,2020-09-30 22:10:21.333805,neutral,None,f5
Joe Biden supreme court,,2020-09-30 23:21:27.459527,neutral,None,f0
Joe Biden supreme court,,2020-09-30 23:52:50.772505,neutral,None,f1
Joe Biden supreme court,,2020-10-01 00:21:19.412531,neutral,None,f2
Joe Biden supreme court,,2020-10-01 00:56:49.611471,neutral,None,f3
Joe Biden supreme court,,2020-10-01 01:29:04.060544,neutral,None,f4
Joe Biden supreme court,,2020-10-01 02:02:27.400939,neutral,None,f5
Chris Wallace supreme court,,2020-10-01 03:13:09.856256,neutral,None,f0
Chris Wallace supreme court,,2020-10-01 03:44:37.958879,neutral,None,f1
Chris Wallace supreme court,,2020-10-01 04:19:38.028953,neutral,None,f2
Chris Wallace supreme court,,2020-10-01 04:50:46.822169,neutral,None,f3
Chris Wallace supreme court,,2020-10-01 05:22:29.851633,neutral,None,f4
Chris Wallace supreme court,,2020-10-01 05:56:16.482789,neutral,None,f5
Los Angeles recreation commission,,2020-10-08 00:07:44.667773,neutral,None,f0
Los Angeles recreation commission,,2020-10-08 00:44:55.795373,neutral,None,f1
Los Angeles recreation commission,,2020-10-08 01:11:42.598325,neutral,None,f2
Los Angeles recreation commission,,2020-10-08 01:45:38.579922,neutral,None,f3
Los Angeles recreation commission,,2020-10-08 02:20:43.530484,neutral,None,f4
Los Angeles recreation commission,,2020-10-08 02:48:19.332170,neutral,None,f5
Amy Coney Barrett supreme court,,2020-10-08 03:54:05.030100,neutral,None,f0
Amy Coney Barrett supreme court,,2020-10-08 04:23:48.398276,neutral,None,f1
Amy Coney Barrett supreme court,,2020-10-08 04:59:09.082733,neutral,None,f2
Amy Coney Barrett supreme court,,2020-10-08 05:26:35.249292,neutral,None,f3
Amy Coney Barrett supreme court,,2020-10-08 06:00:42.882386,neutral,None,f4
Amy Coney Barrett supreme court,,2020-10-08 06:41:10.669344,neutral,None,f5
Hillary Clinton supreme court,,2020-10-08 14:29:16.337604,neutral,None,f5
Barack Obama supreme court,,2020-10-08 15:41:56.065296,neutral,None,f0
Barack Obama supreme court,,2020-10-08 16:17:55.292433,neutral,None,f1
Barack Obama supreme court,,2020-10-08 16:52:07.017292,neutral,None,f2
Barack Obama supreme court,,2020-10-08 17:18:11.918794,neutral,None,f3
Barack Obama supreme court,,2020-10-08 17:56:28.720576,neutral,None,f4
Barack Obama supreme court,,2020-10-08 18:24:03.200171,neutral,None,f5
Hunter Biden supreme court,,2020-10-08 19:24:14.413320,neutral,None,f0
Hunter Biden supreme court,,2020-10-08 19:54:25.082054,neutral,None,f1
Hunter Biden supreme court,,2020-10-08 20:29:53.276459,neutral,None,f2
Hunter Biden supreme court,,2020-10-08 21:01:36.675196,neutral,None,f3
Hunter Biden supreme court,,2020-10-08 21:29:50.632341,neutral,None,f4
Hunter Biden supreme court,,2020-10-08 22:08:40.935812,neutral,None,f5
Donald Trump supreme court,,2020-10-10 22:19:39.289866,neutral,None,f0
Donald Trump supreme court,,2020-10-10 22:51:30.023383,neutral,None,f1
Donald Trump supreme court,,2020-10-10 23:27:25.276394,neutral,None,f2
Donald Trump supreme court,,2020-10-10 23:56:27.659950,neutral,None,f3
Donald Trump supreme court,,2020-10-11 00:25:10.585599,neutral,None,f4
Donald Trump supreme court,,2020-10-11 01:02:31.309888,neutral,None,f5
Joe Biden supreme court,,2020-10-11 02:08:57.499667,neutral,None,f0
Joe Biden supreme court,,2020-10-11 02:43:56.989704,neutral,None,f1
Joe Biden supreme court,,2020-10-11 03:16:42.767146,neutral,None,f2
Joe Biden supreme court,,2020-10-11 03:47:58.456444,neutral,None,f3
Joe Biden supreme court,,2020-10-11 04:18:10.202907,neutral,None,f4
Joe Biden supreme court,,2020-10-11 04:46:34.824166,neutral,None,f5
Donald Trump supreme court,,2020-10-11 13:16:14.214130,neutral,None,f0
Donald Trump supreme court,,2020-10-11 13:52:32.936611,neutral,None,f1
Donald Trump supreme court,,2020-10-11 14:20:39.275227,neutral,None,f2
Donald Trump supreme court,,2020-10-11 14:58:27.909817,neutral,None,f3
Donald Trump supreme court,,2020-10-11 15:36:57.383486,neutral,None,f4
Donald Trump supreme court,,2020-10-11 16:34:23.371719,neutral,None,f5
Donald Trump supreme court,,2020-10-11 17:51:22.045856,neutral,None,f0
Donald Trump supreme court,,2020-10-11 18:23:43.874476,neutral,None,f1
Donald Trump supreme court,,2020-10-11 18:51:36.919792,neutral,None,f2
Donald Trump supreme court,,2020-10-11 19:20:12.665336,neutral,None,f3
Donald Trump supreme court,,2020-10-11 19:52:55.485630,neutral,None,f4
Donald Trump supreme court,,2020-10-11 20:28:24.926193,neutral,None,f5
Joe Biden supreme court,,2020-10-11 21:53:18.722416,neutral,None,f0
Joe Biden supreme court,,2020-10-11 22:22:29.586908,neutral,None,f1
Joe Biden supreme court,,2020-10-11 23:08:05.799343,neutral,None,f2
Joe Biden supreme court,,2020-10-11 23:40:28.398803,neutral,None,f3
Joe Biden supreme court,,2020-10-12 00:19:08.679652,neutral,None,f4
Joe Biden supreme court,,2020-10-12 00:53:57.341324,neutral,None,f5
Amy Coney Barrett supreme court,,2020-10-12 02:06:31.342728,neutral,None,f0
Amy Coney Barrett supreme court,,2020-10-12 02:44:56.495254,neutral,None,f1
Amy Coney Barrett supreme court,,2020-10-12 03:17:32.908548,neutral,None,f2
Amy Coney Barrett supreme court,,2020-10-12 03:45:28.598898,neutral,None,f3
Amy Coney Barrett supreme court,,2020-10-12 04:15:02.663722,neutral,None,f4
Amy Coney Barrett supreme court,,2020-10-12 04:48:51.327775,neutral,None,f5
Donald Trump supreme court,,2020-10-12 13:13:42.674148,neutral,None,f0
Donald Trump supreme court,,2020-10-12 13:45:19.613372,neutral,None,f1
Donald Trump supreme court,,2020-10-12 14:13:18.502764,neutral,None,f2
Donald Trump supreme court,,2020-10-12 14:47:00.218673,neutral,None,f3
Donald Trump supreme court,,2020-10-12 15:20:15.595734,neutral,None,f4
Donald Trump supreme court,,2020-10-12 15:55:47.566088,neutral,None,f5
Donald Trump supreme court,,2020-10-14 23:18:31.764494,neutral,None,f0
Donald Trump supreme court,,2020-10-14 23:32:05.541138,neutral,None,f1
Donald Trump supreme court,,2020-10-14 23:44:51.914451,neutral,None,f2
Donald Trump supreme court,,2020-10-15 00:02:26.066172,neutral,None,f3
Donald Trump supreme court,,2020-10-15 00:22:19.489496,neutral,None,f4
Donald Trump supreme court,,2020-10-15 00:41:18.654716,neutral,None,f5
Joe Biden supreme court,,2020-10-15 01:14:27.392100,neutral,None,f0
Joe Biden supreme court,,2020-10-15 01:30:44.271759,neutral,None,f1
Joe Biden supreme court,,2020-10-15 01:44:30.031650,neutral,None,f2
Joe Biden supreme court,,2020-10-15 02:04:48.592652,neutral,None,f3
Joe Biden supreme court,,2020-10-15 02:24:27.198573,neutral,None,f4
Joe Biden supreme court,,2020-10-15 02:43:58.549584,neutral,None,f5
Amy Coney Barrett supreme court,,2020-10-15 03:21:58.085813,neutral,None,f0
Amy Coney Barrett supreme court,,2020-10-15 03:41:48.285588,neutral,None,f1
Amy Coney Barrett supreme court,,2020-10-15 04:00:11.964819,neutral,None,f2
Amy Coney Barrett supreme court,,2020-10-15 04:20:31.738497,neutral,None,f3
Amy Coney Barrett supreme court,,2020-10-15 04:36:02.664038,neutral,None,f4
Amy Coney Barrett supreme court,,2020-10-15 04:54:26.177028,neutral,None,f5
Donald Trump supreme court,,2020-10-15 13:08:31.099373,neutral,None,f0
Donald Trump supreme court,,2020-10-15 13:25:55.392165,neutral,None,f1
Donald Trump supreme court,,2020-10-15 13:42:51.890417,neutral,None,f2
Donald Trump supreme court,,2020-10-15 13:58:34.436289,neutral,None,f3
Donald Trump supreme court,,2020-10-15 14:13:03.917992,neutral,None,f4
Donald Trump supreme court,,2020-10-15 14:31:59.576769,neutral,None,f5
Joe Biden supreme court,,2020-10-15 15:14:55.799108,neutral,None,f0
Joe Biden supreme court,,2020-10-15 15:35:08.878048,neutral,None,f1
Joe Biden supreme court,,2020-10-15 15:54:10.200936,neutral,None,f2
Joe Biden supreme court,,2020-10-15 16:11:44.714690,neutral,None,f3
Joe Biden supreme court,,2020-10-15 16:30:20.737290,neutral,None,f4
Joe Biden supreme court,,2020-10-15 16:52:35.219799,neutral,None,f5
Amy Coney Barrett supreme court,,2020-10-15 17:25:22.986586,neutral,None,f0
Amy Coney Barrett supreme court,,2020-10-15 17:44:22.013756,neutral,None,f1
Amy Coney Barrett supreme court,,2020-10-15 17:59:00.153582,neutral,None,f2
Amy Coney Barrett supreme court,,2020-10-15 18:18:03.444337,neutral,None,f3
Amy Coney Barrett supreme court,,2020-10-15 18:34:56.024497,neutral,None,f4
Amy Coney Barrett supreme court,,2020-10-15 18:51:44.798812,neutral,None,f5
Amy Cooper franklin templeton,,2020-10-15 19:23:41.931485,neutral,None,f0
Amy Cooper franklin templeton,,2020-10-15 19:42:50.419899,neutral,None,f1
Amy Cooper franklin templeton,,2020-10-15 20:03:16.517115,neutral,None,f2
Amy Cooper franklin templeton,,2020-10-15 20:18:19.725774,neutral,None,f3
Amy Cooper franklin templeton,,2020-10-15 20:33:40.184937,neutral,None,f4
Amy Cooper franklin templeton,,2020-10-15 20:48:37.975552,neutral,None,f5
Christian Cooper franklin templeton,,2020-10-15 21:33:40.788723,neutral,None,f0
Christian Cooper franklin templeton,,2020-10-15 21:52:03.741828,neutral,None,f1
Christian Cooper franklin templeton,,2020-10-15 22:10:27.445325,neutral,None,f2
Christian Cooper franklin templeton,,2020-10-15 22:26:46.987180,neutral,None,f3
Christian Cooper franklin templeton,,2020-10-15 22:45:58.330077,neutral,None,f4
Christian Cooper franklin templeton,,2020-10-15 23:03:23.619062,neutral,None,f5
Los Angeles facebook,,2020-10-15 23:33:10.070230,neutral,None,f0
Los Angeles facebook,,2020-10-15 23:49:19.688535,neutral,None,f1
Los Angeles facebook,,2020-10-16 00:08:14.915504,neutral,None,f2
Los Angeles facebook,,2020-10-16 00:22:09.663009,neutral,None,f3
Los Angeles facebook,,2020-10-16 00:38:10.576618,neutral,None,f4
Los Angeles facebook,,2020-10-16 00:56:31.707554,neutral,None,f5
Van Halen junior,,2020-10-16 01:32:42.540496,neutral,None,f0
Van Halen junior,,2020-10-16 01:49:24.880769,neutral,None,f1
Van Halen junior,,2020-10-16 02:03:15.712371,neutral,None,f2
Van Halen junior,,2020-10-16 02:20:36.781363,neutral,None,f3
Van Halen junior,,2020-10-16 02:36:12.484595,neutral,None,f4
Van Halen junior,,2020-10-16 02:50:40.500401,neutral,None,f5
George Floyd franklin templeton,,2020-10-16 03:27:24.153674,neutral,None,f0
George Floyd franklin templeton,,2020-10-16 03:42:22.443620,neutral,None,f1
George Floyd franklin templeton,,2020-10-16 03:58:38.678879,neutral,None,f2
George Floyd franklin templeton,,2020-10-16 04:19:04.805926,neutral,None,f3
George Floyd franklin templeton,,2020-10-16 04:39:33.388725,neutral,None,f4
George Floyd franklin templeton,,2020-10-16 05:00:13.567491,neutral,None,f5
Donald Trump supreme court,,2020-10-16 13:06:30.632275,neutral,None,f0
Donald Trump supreme court,,2020-10-16 13:21:24.382755,neutral,None,f1
Donald Trump supreme court,,2020-10-16 13:35:55.422545,neutral,None,f2
Donald Trump supreme court,,2020-10-16 13:50:42.245239,neutral,None,f3
Donald Trump supreme court,,2020-10-16 14:08:02.777039,neutral,None,f4
Donald Trump supreme court,,2020-10-16 14:22:23.484878,neutral,None,f5
Donald Trump supreme court,,2020-10-21 22:51:42.791824,neutral,None,f0
Donald Trump supreme court,,2020-10-21 23:07:19.444894,neutral,None,f1
Donald Trump supreme court,,2020-10-21 23:24:17.504470,neutral,None,f2
Donald Trump supreme court,,2020-10-21 23:43:00.960497,neutral,None,f3
Donald Trump supreme court,,2020-10-22 00:02:31.798476,neutral,None,f4
Donald Trump supreme court,,2020-10-22 00:16:18.460573,neutral,None,f5
Joe Biden supreme court,,2020-10-22 00:53:20.008798,neutral,None,f0
Joe Biden supreme court,,2020-10-22 01:13:20.135139,neutral,None,f1
Joe Biden supreme court,,2020-10-22 01:27:31.429792,neutral,None,f2
Joe Biden supreme court,,2020-10-22 01:45:43.410569,neutral,None,f3
Joe Biden supreme court,,2020-10-22 01:59:41.620261,neutral,None,f4
Joe Biden supreme court,,2020-10-22 02:19:49.562343,neutral,None,f5
Donald Trump supreme court,,2020-10-22 16:27:16.953043,neutral,None,f0
Donald Trump supreme court,,2020-10-22 16:40:51.960810,neutral,None,f1
Donald Trump supreme court,,2020-10-22 16:57:20.382119,neutral,None,f2
Donald Trump supreme court,,2020-10-22 17:12:32.862205,neutral,None,f3
Donald Trump supreme court,,2020-10-22 17:27:18.849602,neutral,None,f4
Donald Trump supreme court,,2020-10-22 17:43:21.403266,neutral,None,f5
Joe Biden supreme court,,2020-10-22 18:46:20.049018,neutral,None,f0
Joe Biden supreme court,,2020-10-22 19:20:36.913619,neutral,None,f1
Joe Biden supreme court,,2020-10-22 19:38:33.288798,neutral,None,f2
Joe Biden supreme court,,2020-10-22 19:52:33.783105,neutral,None,f3
Joe Biden supreme court,,2020-10-22 20:11:11.312507,neutral,None,f4
Joe Biden supreme court,,2020-10-22 20:27:28.767671,neutral,None,f5
Hunter Biden new york post,,2020-10-22 21:09:22.423724,neutral,None,f0
Hunter Biden new york post,,2020-10-22 21:24:49.823034,neutral,None,f1
Hunter Biden new york post,,2020-10-22 21:39:35.372155,neutral,None,f2
Hunter Biden new york post,,2020-10-22 21:59:47.151305,neutral,None,f3
Hunter Biden new york post,,2020-10-22 22:13:36.663111,neutral,None,f4
Hunter Biden new york post,,2020-10-22 22:33:28.320155,neutral,None,f5
Los Angeles ways ministry,,2020-10-22 23:13:25.015110,neutral,None,f0
Los Angeles ways ministry,,2020-10-22 23:32:16.193664,neutral,None,f1
Los Angeles ways ministry,,2020-10-22 23:48:27.859953,neutral,None,f2
Los Angeles ways ministry,,2020-10-23 00:05:09.182469,neutral,None,f3
Los Angeles ways ministry,,2020-10-23 00:24:01.660445,neutral,None,f4
Los Angeles ways ministry,,2020-10-23 00:41:21.486530,neutral,None,f5
Barack Obama supreme court,,2020-10-23 01:22:17.121401,neutral,None,f0
Barack Obama supreme court,,2020-10-23 01:43:01.739166,neutral,None,f1
Barack Obama supreme court,,2020-10-23 02:05:17.071732,neutral,None,f2
Barack Obama supreme court,,2020-10-23 02:25:59.669970,neutral,None,f3
Barack Obama supreme court,,2020-10-23 03:05:54.074185,neutral,None,f4
Barack Obama supreme court,,2020-10-23 03:20:09.523637,neutral,None,f5
Pope Francis catholic church,,2020-10-23 03:55:43.806754,neutral,None,f0
Pope Francis catholic church,,2020-10-23 04:11:22.793654,neutral,None,f1
Pope Francis catholic church,,2020-10-23 04:26:19.620307,neutral,None,f2
Pope Francis catholic church,,2020-10-23 05:06:56.108675,neutral,None,f3
Pope Francis catholic church,,2020-10-23 05:26:44.919991,neutral,None,f4
Pope Francis catholic church,,2020-10-23 05:41:06.464417,neutral,None,f5
Joe Biden supreme court,,2020-10-23 13:37:30.270794,neutral,None,f0
Joe Biden supreme court,,2020-10-23 13:55:33.343085,neutral,None,f1
Joe Biden supreme court,,2020-10-23 14:10:49.408052,neutral,None,f2
Joe Biden supreme court,,2020-10-23 14:29:21.426149,neutral,None,f3
Joe Biden supreme court,,2020-10-23 14:48:55.733068,neutral,None,f4
Joe Biden supreme court,,2020-10-23 15:08:15.744288,neutral,None,f5
Donald Trump supreme court,,2020-10-23 15:43:05.840757,neutral,None,f0
Donald Trump supreme court,,2020-10-23 15:57:44.947786,neutral,None,f1
Donald Trump supreme court,,2020-10-23 16:15:36.407023,neutral,None,f2
Donald Trump supreme court,,2020-10-23 16:35:07.767518,neutral,None,f3
Donald Trump supreme court,,2020-10-23 16:53:44.339897,neutral,None,f4
Donald Trump supreme court,,2020-10-23 17:06:49.016048,neutral,None,f5
Hunter Biden new york post,,2020-10-23 17:41:43.974065,neutral,None,f0
Hunter Biden new york post,,2020-10-23 17:55:59.132749,neutral,None,f1
Hunter Biden new york post,,2020-10-23 18:09:26.481322,neutral,None,f2
Hunter Biden new york post,,2020-10-23 18:24:19.364933,neutral,None,f3
Hunter Biden new york post,,2020-10-23 18:40:26.241824,neutral,None,f4
Hunter Biden new york post,,2020-10-23 18:58:21.763384,neutral,None,f5
Barack Obama supreme court,,2020-10-23 19:49:35.058069,neutral,None,f0
Barack Obama supreme court,,2020-10-23 20:05:41.277979,neutral,None,f1
Barack Obama supreme court,,2020-10-23 20:19:40.262558,neutral,None,f2
Barack Obama supreme court,,2020-10-23 20:33:59.120627,neutral,None,f3
Barack Obama supreme court,,2020-10-23 20:53:38.491397,neutral,None,f4
Barack Obama supreme court,,2020-10-23 21:09:19.042497,neutral,None,f5
Amy Coney Barrett supreme court,,2020-10-23 21:46:59.327099,neutral,None,f0
Amy Coney Barrett supreme court,,2020-10-23 22:25:59.936775,neutral,None,f1
Amy Coney Barrett supreme court,,2020-10-23 22:40:27.105665,neutral,None,f2
Amy Coney Barrett supreme court,,2020-10-23 22:57:54.312874,neutral,None,f3
Amy Coney Barrett supreme court,,2020-10-23 23:17:55.662510,neutral,None,f4
Amy Coney Barrett supreme court,,2020-10-23 23:34:03.608827,neutral,None,f5
Joe Biden supreme court,,2020-10-25 00:01:17.348951,neutral,None,f0
Joe Biden supreme court,,2020-10-25 00:20:16.049761,neutral,None,f1
Joe Biden supreme court,,2020-10-25 00:33:25.512255,neutral,None,f2
Joe Biden supreme court,,2020-10-25 00:46:56.673098,neutral,None,f3
Joe Biden supreme court,,2020-10-25 01:06:08.638418,neutral,None,f4
Joe Biden supreme court,,2020-10-25 01:23:24.255700,neutral,None,f5
Donald Trump supreme court,,2020-10-25 01:59:57.044866,neutral,None,f0
Donald Trump supreme court,,2020-10-25 02:18:21.173602,neutral,None,f1
Donald Trump supreme court,,2020-10-25 02:35:42.651882,neutral,None,f2
Donald Trump supreme court,,2020-10-25 02:49:45.145367,neutral,None,f3
Donald Trump supreme court,,2020-10-25 02:28:55.400493,neutral,None,f4
Donald Trump supreme court,,2020-10-25 02:48:02.634494,neutral,None,f5
Hunter Biden new york times,,2020-10-25 03:24:53.374356,neutral,None,f0
Hunter Biden new york times,,2020-10-25 03:42:35.117514,neutral,None,f1
Hunter Biden new york times,,2020-10-25 04:02:55.000457,neutral,None,f2
Hunter Biden new york times,,2020-10-25 04:18:57.643840,neutral,None,f3
Hunter Biden new york times,,2020-10-25 04:36:44.518046,neutral,None,f4
Hunter Biden new york times,,2020-10-25 04:56:29.219001,neutral,None,f5
Donald Trump supreme court,,2020-10-25 12:15:50.955267,neutral,None,f0
Donald Trump supreme court,,2020-10-25 12:32:12.351164,neutral,None,f1
Donald Trump supreme court,,2020-10-25 12:51:31.064754,neutral,None,f2
Donald Trump supreme court,,2020-10-25 13:07:36.779278,neutral,None,f3
Donald Trump supreme court,,2020-10-25 13:23:25.963667,neutral,None,f4
Donald Trump supreme court,,2020-10-25 13:38:59.975091,neutral,None,f5
Joe Biden supreme court,,2020-10-25 14:09:57.656255,neutral,None,f0
Joe Biden supreme court,,2020-10-25 14:24:43.507944,neutral,None,f1
Joe Biden supreme court,,2020-10-25 14:38:28.255753,neutral,None,f2
Joe Biden supreme court,,2020-10-25 14:55:00.917348,neutral,None,f3
Joe Biden supreme court,,2020-10-25 15:15:55.900730,neutral,None,f4
Joe Biden supreme court,,2020-10-25 15:56:15.562458,neutral,None,f5
Hunter Biden new york times,,2020-10-25 16:35:57.661846,neutral,None,f0
Hunter Biden new york times,,2020-10-25 16:50:02.314383,neutral,None,f1
Hunter Biden new york times,,2020-10-25 17:10:43.918248,neutral,None,f2
Hunter Biden new york times,,2020-10-25 17:28:53.899071,neutral,None,f3
Hunter Biden new york times,,2020-10-25 17:45:11.756512,neutral,None,f4
Hunter Biden new york times,,2020-10-25 18:03:09.666579,neutral,None,f5
Barack Obama supreme court,,2020-10-25 18:39:46.714235,neutral,None,f0
Barack Obama supreme court,,2020-10-25 18:55:53.343164,neutral,None,f1
Barack Obama supreme court,,2020-10-25 19:09:00.611945,neutral,None,f2
Barack Obama supreme court,,2020-10-25 19:24:29.351601,neutral,None,f3
Barack Obama supreme court,,2020-10-25 19:42:52.700037,neutral,None,f4
Barack Obama supreme court,,2020-10-25 20:00:01.392097,neutral,None,f5
Los Angeles facebook,,2020-10-25 20:33:14.291779,neutral,None,f0
Los Angeles facebook,,2020-10-25 20:53:32.053559,neutral,None,f1
Los Angeles facebook,,2020-10-25 21:07:07.698203,neutral,None,f2
Los Angeles facebook,,2020-10-25 21:22:59.088740,neutral,None,f3
Los Angeles facebook,,2020-10-25 21:40:53.548858,neutral,None,f4
Los Angeles facebook,,2020-10-25 22:01:06.864153,neutral,None,f5
Amy Coney Barrett supreme court,,2020-10-25 22:36:36.362139,neutral,None,f0
Amy Coney Barrett supreme court,,2020-10-25 22:54:58.082238,neutral,None,f1
Amy Coney Barrett supreme court,,2020-10-25 23:12:00.449790,neutral,None,f2
Amy Coney Barrett supreme court,,2020-10-25 23:48:53.837177,neutral,None,f3
Amy Coney Barrett supreme court,,2020-10-26 00:05:38.983092,neutral,None,f4
Amy Coney Barrett supreme court,,2020-10-26 00:24:44.016889,neutral,None,f5
Donald Trump supreme court,,2020-10-26 18:15:39.077947,neutral,None,f0
Donald Trump supreme court,,2020-10-26 18:31:57.823431,neutral,None,f1
Donald Trump supreme court,,2020-10-26 18:45:11.533630,neutral,None,f2
Donald Trump supreme court,,2020-10-26 18:59:46.941112,neutral,None,f3
Donald Trump supreme court,,2020-10-26 19:15:27.089586,neutral,None,f4
Donald Trump supreme court,,2020-10-26 19:32:13.510422,neutral,None,f5
Joe Biden supreme court,,2020-10-26 20:06:05.022726,neutral,None,f0
Joe Biden supreme court,,2020-10-26 20:18:43.790191,neutral,None,f1
Joe Biden supreme court,,2020-10-26 20:35:38.251454,neutral,None,f2
Joe Biden supreme court,,2020-10-26 20:53:45.788424,neutral,None,f3
Joe Biden supreme court,,2020-10-26 21:13:06.880458,neutral,None,f4
Joe Biden supreme court,,2020-10-26 21:31:29.501783,neutral,None,f5
Mike Pence supreme court,,2020-10-26 22:16:10.587382,neutral,None,f0
Mike Pence supreme court,,2020-10-26 22:30:44.315632,neutral,None,f1
Mike Pence supreme court,,2020-10-26 22:47:08.101041,neutral,None,f2
Mike Pence supreme court,,2020-10-26 23:00:44.709214,neutral,None,f3
Mike Pence supreme court,,2020-10-26 23:16:59.250793,neutral,None,f4
Mike Pence supreme court,,2020-10-26 23:31:04.144825,neutral,None,f5
Amy Coney Barrett supreme court,,2020-10-27 00:07:14.896084,neutral,None,f0
Amy Coney Barrett supreme court,,2020-10-27 00:21:14.629624,neutral,None,f1
Amy Coney Barrett supreme court,,2020-10-27 00:34:59.577368,neutral,None,f2
Amy Coney Barrett supreme court,,2020-10-27 00:50:09.820564,neutral,None,f3
Amy Coney Barrett supreme court,,2020-10-27 01:09:32.643052,neutral,None,f4
Amy Coney Barrett supreme court,,2020-10-27 01:23:00.501684,neutral,None,f5
Barack Obama supreme court,,2020-10-27 01:58:36.375084,neutral,None,f0
Barack Obama supreme court,,2020-10-27 02:19:30.087448,neutral,None,f1
Barack Obama supreme court,,2020-10-27 02:34:42.863644,neutral,None,f2
Barack Obama supreme court,,2020-10-27 02:52:18.811189,neutral,None,f3
Barack Obama supreme court,,2020-10-27 03:10:13.647389,neutral,None,f4
Barack Obama supreme court,,2020-10-27 03:23:05.470963,neutral,None,f5
Donald Trump supreme court,,2020-10-27 14:10:23.351027,neutral,None,f0
Donald Trump supreme court,,2020-10-27 14:27:30.229654,neutral,None,f1
Donald Trump supreme court,,2020-10-27 14:42:41.618047,neutral,None,f2
Donald Trump supreme court,,2020-10-27 14:57:06.791673,neutral,None,f3
Donald Trump supreme court,,2020-10-27 15:16:41.724483,neutral,None,f4
Donald Trump supreme court,,2020-10-27 15:31:56.065615,neutral,None,f5
Joe Biden supreme court,,2020-10-27 16:09:54.872001,neutral,None,f0
Joe Biden supreme court,,2020-10-27 16:23:06.307571,neutral,None,f1
Joe Biden supreme court,,2020-10-27 16:58:01.037223,neutral,None,f2
Joe Biden supreme court,,2020-10-27 17:12:17.217380,neutral,None,f3
Joe Biden supreme court,,2020-10-27 17:28:24.362386,neutral,None,f4
Joe Biden supreme court,,2020-10-27 17:45:42.377120,neutral,None,f5
Amy Coney Barrett supreme court,,2020-10-27 18:25:06.390274,neutral,None,f0
Amy Coney Barrett supreme court,,2020-10-27 18:38:28.065539,neutral,None,f1
Amy Coney Barrett supreme court,,2020-10-27 18:53:26.387404,neutral,None,f2
Amy Coney Barrett supreme court,,2020-10-27 19:27:53.270185,neutral,None,f3
Amy Coney Barrett supreme court,,2020-10-27 19:46:10.497071,neutral,None,f4
Amy Coney Barrett supreme court,,2020-10-27 20:00:17.918782,neutral,None,f5
Los Angeles national weather service,,2020-10-27 20:38:12.959997,neutral,None,f0
